住所,latitude,longitude
愛知県蒲郡市形原町,34.7999506,137.1903559
愛知県蒲郡市西浦町,34.7797544,137.1822336
愛知県蒲郡市三谷町,34.7884574,137.2338724
愛知県蒲郡市緑町,34.8294184,137.2190321
愛知県蒲郡市大塚町,34.8167726,137.2801966
愛知県蒲郡市形原町,34.7999506,137.1903559
愛知県蒲郡市西浦町,34.7797544,137.1822336
愛知県蒲郡市三谷町,34.7884574,137.2338724
愛知県蒲郡市緑町,34.8294184,137.2190321
愛知県蒲郡市大塚町,34.8167726,137.2801966
愛知県蒲郡市形原町,34.7999506,137.1903559
愛知県蒲郡市西浦町,34.7797544,137.1822336
愛知県蒲郡市三谷町,34.7884574,137.2338724
愛知県蒲郡市緑町,34.8294184,137.2190321
愛知県蒲郡市大塚町,34.8167726,137.2801966
愛知県蒲郡市形原町,34.7999506,137.1903559
愛知県蒲郡市西浦町,34.7797544,137.1822336
愛知県蒲郡市三谷町,34.7884574,137.2338724
愛知県蒲郡市緑町,34.8294184,137.2190321
愛知県蒲郡市大塚町,34.8167726,137.2801966
愛知県蒲郡市形原町,34.7999506,137.1903559
愛知県蒲郡市西浦町,34.7797544,137.1822336
愛知県蒲郡市三谷町,34.7884574,137.2338724
愛知県蒲郡市緑町,34.8294184,137.2190321
愛知県蒲郡市大塚町,34.8167726,137.2801966
愛知県蒲郡市形原町,34.7999506,137.1903559
愛知県蒲郡市西浦町,34.7797544,137.1822336
愛知県蒲郡市三谷町,34.7884574,137.2338724
愛知県蒲郡市緑町,34.8294184,137.2190321
愛知県蒲郡市大塚町,34.8167726,137.2801966
愛知県蒲郡市形原町,34.7999506,137.1903559
愛知県蒲郡市西浦町,34.7797544,137.1822336
愛知県蒲郡市三谷町,34.7884574,137.2338724
愛知県蒲郡市緑町,34.8294184,137.2190321
愛知県蒲郡市大塚町,34.8167726,137.2801966
愛知県蒲郡市形原町,34.7999506,137.1903559
愛知県蒲郡市西浦町,34.7797544,137.1822336
愛知県蒲郡市三谷町,34.7884574,137.2338724
愛知県蒲郡市緑町,34.8294184,137.2190321
愛知県蒲郡市大塚町,34.8167726,137.2801966
愛知県蒲郡市形原町,34.7999506,137.1903559
愛知県蒲郡市西浦町,34.7797544,137.1822336
愛知県蒲郡市三谷町,34.7884574,137.2338724
愛知県蒲郡市緑町,34.8294184,137.2190321
愛知県蒲郡市大塚町,34.8167726,137.2801966
愛知県蒲郡市形原町,34.7999506,137.1903559
愛知県蒲郡市西浦町,34.7797544,137.1822336
愛知県蒲郡市三谷町,34.7884574,137.2338724
愛知県蒲郡市緑町,34.8294184,137.2190321
愛知県蒲郡市大塚町,34.8167726,137.2801966
愛知県蒲郡市形原町,34.7999506,137.1903559
愛知県蒲郡市西浦町,34.7797544,137.1822336
愛知県蒲郡市三谷町,34.7884574,137.2338724
愛知県蒲郡市緑町,34.8294184,137.2190321
愛知県蒲郡市大塚町,34.8167726,137.2801966
愛知県蒲郡市形原町,34.7999506,137.1903559
愛知県蒲郡市西浦町,34.7797544,137.1822336
愛知県蒲郡市三谷町,34.7884574,137.2338724
愛知県蒲郡市緑町,34.8294184,137.2190321
愛知県蒲郡市大塚町,34.8167726,137.2801966
愛知県蒲郡市形原町,34.7999506,137.1903559
愛知県蒲郡市形原町,34.7999506,137.1903559
愛知県蒲郡市形原町,34.7999506,137.1903559
愛知県蒲郡市形原町,34.7999506,137.1903559
愛知県蒲郡市形原町,34.7999506,137.1903559
愛知県蒲郡市形原町,34.7999506,137.1903559
愛知県蒲郡市形原町,34.7999506,137.1903559
愛知県蒲郡市形原町,34.7999506,137.1903559
愛知県蒲郡市形原町,34.7999506,137.1903559
愛知県蒲郡市形原町,34.7999506,137.1903559
愛知県蒲郡市形原町,34.7999506,137.1903559
愛知県蒲郡市形原町,34.7999506,137.1903559
愛知県蒲郡市形原町,34.7999506,137.1903559
愛知県蒲郡市形原町,34.7999506,137.1903559
愛知県蒲郡市形原町,34.7999506,137.1903559
愛知県蒲郡市形原町,34.7999506,137.1903559
愛知県蒲郡市形原町,34.7999506,137.1903559
愛知県蒲郡市形原町,34.7999506,137.1903559
愛知県蒲郡市形原町,34.7999506,137.1903559
愛知県蒲郡市形原町,34.7999506,137.1903559
愛知県蒲郡市形原町,34.7999506,137.1903559
愛知県蒲郡市形原町,34.7999506,137.1903559
愛知県蒲郡市形原町,34.7999506,137.1903559
愛知県蒲郡市形原町,34.7999506,137.1903559
愛知県蒲郡市形原町,34.7999506,137.1903559
愛知県蒲郡市形原町,34.7999506,137.1903559
愛知県蒲郡市形原町,34.7999506,137.1903559
愛知県蒲郡市形原町,34.7999506,137.1903559
愛知県蒲郡市形原町,34.7999506,137.1903559
愛知県蒲郡市形原町,34.7999506,137.1903559
愛知県蒲郡市形原町,34.7999506,137.1903559
愛知県蒲郡市形原町,34.7999506,137.1903559
愛知県蒲郡市三谷町,34.7884574,137.2338724
愛知県蒲郡市三谷町,34.7884574,137.2338724
愛知県蒲郡市三谷町,34.7884574,137.2338724
愛知県蒲郡市三谷町,34.7884574,137.2338724
愛知県蒲郡市三谷町,34.7884574,137.2338724
愛知県蒲郡市三谷町,34.7884574,137.2338724
愛知県蒲郡市三谷町,34.7884574,137.2338724
愛知県蒲郡市三谷町,34.7884574,137.2338724
愛知県蒲郡市三谷町,34.7884574,137.2338724
愛知県蒲郡市三谷町,34.7884574,137.2338724
愛知県蒲郡市三谷町,34.7884574,137.2338724
愛知県蒲郡市三谷町,34.7884574,137.2338724
愛知県蒲郡市三谷町,34.7884574,137.2338724
